id,title,email,name,location
1,Exchange,exchange@email.com,Exchange Fees,Internet
100,Mobile Developer,Josh_Malone7293@irrepsy.com,Josh Malone,Seattle
102,Chef Manager,Hayden_Knight4417@irrepsy.com,Hayden Knight,Atlanta
103,Insurance Broker,Tony_Dillon2519@ovock.tech,Tony Dillon,San Jose
104,Restaurant Manager,Daniel_Larsen7631@gompie.com,Daniel Larsen,Austin
105,Webmaster,Lily_Gosling3574@cispeto.com,Lily Gosling,New York
106,Fabricator,Harriet_Bradley3735@irrepsy.com,Harriet Bradley,Miami
107,Service Supervisor,Maxwell_Bryant894@cispeto.com,Maxwell Bryant,Chicago
108,Mobile Developer,Bob_Nielson4732@bretoux.com,Bob Nielson,Las Vegas
109,Mobile Developer,Gwenyth_Franks5434@zorer.org,Gwenyth Franks,Toronto
110,Webmaster,Enoch_Richardson2294@liret.org,Enoch Richardson,Narnia
